{"cameraMode":{"drawMode":0,"name":"Shaded","section":"Shading Mode"},"sceneLighting":false,"audioPlay":false,"sceneViewState":{"m_AlwaysRefresh":false,"showFog":true,"showSkybox":false,"showFlares":true,"showImageEffects":true,"showParticleSystems":true,"showVisualEffectGraphs":true,"m_FxEnabled":true},"in2DMode":false,"pivot":{"x":9.894577026367188,"y":68.88685607910156,"z":711.8060913085938},"rotation":{"x":-0.03402160480618477,"y":0.0000023148406853579219,"z":0.13628101348876954,"w":0.9900858402252197},"size":1283.32080078125,"orthographic":true}